{"cameraMode":{"drawMode":0,"name":"Shaded","section":"Shading Mode"},"sceneLighting":true,"audioPlay":false,"sceneViewState":{"m_AlwaysRefresh":false,"showFog":true,"showSkybox":true,"showFlares":true,"showImageEffects":true,"showParticleSystems":true,"showVisualEffectGraphs":true,"m_FxEnabled":true},"in2DMode":false,"pivot":{"x":-146.90374755859376,"y":-33.796180725097659,"z":226.5816650390625},"rotation":{"x":0.11572366952896118,"y":-0.1484125852584839,"z":0.017494332045316697,"w":0.9819589853286743},"size":637.2649536132813,"orthographic":false}